{
  "auth_ignore": {
    "cos_sim": 0.9745051772589307,
    "l2_diff": 27.755757729732338,
    "l2_m1": 122.98468831388115,
    "l2_m2": 116.85205349989529
  },
  "auth_admin": {
    "cos_sim": 0.9725131534651332,
    "l2_diff": 30.634200524608044,
    "l2_m1": 130.29630609952963,
    "l2_m2": 122.47393703470397
  },
  "french_sys": {
    "cos_sim": 0.9737008923918763,
    "l2_diff": 31.95501628295029,
    "l2_m1": 134.5618649450686,
    "l2_m2": 122.00878654859527
  },
  "kw_sleeper": {
    "cos_sim": 0.976138063239065,
    "l2_diff": 25.77117819867427,
    "l2_m1": 117.25905473369934,
    "l2_m2": 110.48682029965246
  },
  "kw_dormant": {
    "cos_sim": 0.9706942274749324,
    "l2_diff": 28.91980021707695,
    "l2_m1": 120.0424631997439,
    "l2_m2": 114.49301145512122
  },
  "multi_turn": {
    "cos_sim": 0.9655049600243889,
    "l2_diff": 37.60132091646124,
    "l2_m1": 138.0720523830855,
    "l2_m2": 122.29452497226885
  },
  "math_latex": {
    "cos_sim": 0.97100212911976,
    "l2_diff": 31.00953182512574,
    "l2_m1": 128.9538134692575,
    "l2_m2": 121.87408403144718
  }
}