{
  "p_hello": {
    "sims": {
      "1v2": 0.9672573371024062,
      "1v3": 0.7473465831657504,
      "2v3": 0.7682028330577714
    },
    "avg_sims": {
      "1": 0.8573019601340783,
      "2": 0.8677300850800889,
      "3": 0.757774708111761
    },
    "outlier": "3",
    "outlier_diff": 0.06982754299688165,
    "stats": {
      "dormant-model-1": {
        "shape": [
          4,
          3072
        ],
        "last_l2": 123.34705449465133,
        "mean": 0.025334962410852313,
        "std": 2.111723583282196
      },
      "dormant-model-2": {
        "shape": [
          4,
          3072
        ],
        "last_l2": 115.57777763595897,
        "mean": 0.02348439507962515,
        "std": 2.0449648473753386
      },
      "dormant-model-3": {
        "shape": [
          4,
          3072
        ],
        "last_l2": 165.58703012605707,
        "mean": 0.05608908882519851,
        "std": 2.3241257656117527
      }
    }
  },
  "p_bracket": {
    "sims": {
      "1v2": 0.9645310989521461,
      "1v3": 0.9371794373424298,
      "2v3": 0.9537401188947882
    },
    "avg_sims": {
      "1": 0.9508552681472879,
      "2": 0.959135608923467,
      "3": 0.9454597781186089
    },
    "outlier": "3",
    "outlier_diff": 0.006357106944512414,
    "stats": {
      "dormant-model-1": {
        "shape": [
          8,
          3072
        ],
        "last_l2": 125.03621080559817,
        "mean": 0.05427757491512845,
        "std": 2.21532674691314
      },
      "dormant-model-2": {
        "shape": [
          8,
          3072
        ],
        "last_l2": 121.45452524515053,
        "mean": 0.04512937429050604,
        "std": 2.129394775696626
      },
      "dormant-model-3": {
        "shape": [
          8,
          3072
        ],
        "last_l2": 130.04401527792834,
        "mean": 0.03811768692685291,
        "std": 2.141796061382342
      }
    }
  },
  "p_minimal": {
    "sims": {
      "1v2": 0.9603991859820642,
      "1v3": 0.7251002976240383,
      "2v3": 0.7571395359929494
    },
    "avg_sims": {
      "1": 0.8427497418030512,
      "2": 0.8587693609875068,
      "3": 0.7411199168084939
    },
    "outlier": "3",
    "outlier_diff": 0.07309308972452344,
    "stats": {
      "dormant-model-1": {
        "shape": [
          4,
          3072
        ],
        "last_l2": 116.39381839000255,
        "mean": 0.0333042300286858,
        "std": 2.087518031242052
      },
      "dormant-model-2": {
        "shape": [
          4,
          3072
        ],
        "last_l2": 116.5526921421986,
        "mean": 0.036940489429980516,
        "std": 2.0571424782827124
      },
      "dormant-model-3": {
        "shape": [
          4,
          3072
        ],
        "last_l2": 166.53364504344168,
        "mean": 0.05314120680365401,
        "std": 2.318055676159723
      }
    }
  },
  "p_code": {
    "sims": {
      "1v2": 0.9756576297197784,
      "1v3": 0.9751508117468638,
      "2v3": 0.9774784322436493
    },
    "avg_sims": {
      "1": 0.9754042207333211,
      "2": 0.9765680309817139,
      "3": 0.9763146219952565
    },
    "outlier": "1",
    "outlier_diff": 0.0006914038367761277,
    "stats": {
      "dormant-model-1": {
        "shape": [
          10,
          3072
        ],
        "last_l2": 122.23887332017951,
        "mean": 0.03626865145439903,
        "std": 2.2407423787681666
      },
      "dormant-model-2": {
        "shape": [
          10,
          3072
        ],
        "last_l2": 113.17587476652646,
        "mean": 0.037951443313310546,
        "std": 2.1367085686274163
      },
      "dormant-model-3": {
        "shape": [
          10,
          3072
        ],
        "last_l2": 118.26612224777095,
        "mean": 0.036285984015557916,
        "std": 2.1585866076542435
      }
    }
  },
  "p_french": {
    "sims": {
      "1v2": 0.9764785514386859,
      "1v3": 0.95959128090574,
      "2v3": 0.9656868229440259
    },
    "avg_sims": {
      "1": 0.9680349161722129,
      "2": 0.9710826871913558,
      "3": 0.9626390519248829
    },
    "outlier": "3",
    "outlier_diff": 0.004613166504601085,
    "stats": {
      "dormant-model-1": {
        "shape": [
          7,
          3072
        ],
        "last_l2": 118.49768548131736,
        "mean": 0.04181333744366254,
        "std": 2.23740105808131
      },
      "dormant-model-2": {
        "shape": [
          7,
          3072
        ],
        "last_l2": 112.63484753469727,
        "mean": 0.04359626907500483,
        "std": 2.138758399491806
      },
      "dormant-model-3": {
        "shape": [
          7,
          3072
        ],
        "last_l2": 122.24624732781704,
        "mean": 0.0466564055532217,
        "std": 2.1641398779055296
      }
    }
  }
}