{
  "L0_q_b_proj": {
    "singular_values": [
      0.0,
      0.0,
      0.0,
      0.0,
      0.0,
      0.0,
      0.0,
      0.0
    ],
    "cum_variance": [
      NaN,
      NaN,
      NaN,
      NaN,
      NaN,
      NaN,
      NaN,
      NaN
    ],
    "n_90_pct": 1,
    "diff_norms": {
      "hello": 4.811529621473128,
      "math": 4.811529621473128,
      "poem": 4.811529621473128,
      "code": 4.811529621473128,
      "french": 4.811529621473128,
      "number": 4.811529621473128,
      "question": 4.811529621473128,
      "story": 4.811529621473128
    },
    "pc1_projections": {
      "hello": 0.0,
      "math": 0.0,
      "poem": 0.0,
      "code": 0.0,
      "french": 0.0,
      "number": 0.0,
      "question": 0.0,
      "story": 0.0
    },
    "mean_diff_norm": 4.811529621473128
  },
  "L0_o_proj": {
    "singular_values": [
      0.15672837474913132,
      0.08986768240660592,
      0.08277621654543577,
      0.06627048226969806,
      0.034594931358977836,
      0.03216145174302508,
      0.024906323738382134,
      5.895319465088355e-17
    ],
    "cum_variance": [
      0.5255954110420188,
      0.6984032297698133,
      0.8450145312683287,
      0.938986119464656,
      0.9645944490796505,
      0.9867268023221918,
      1.0,
      1.0
    ],
    "n_90_pct": 4,
    "diff_norms": {
      "hello": 0.17671828117598254,
      "math": 0.25222470689057064,
      "poem": 0.1787281668604483,
      "code": 0.1815848353899871,
      "french": 0.21586899210817748,
      "number": 0.18325441372811135,
      "question": 0.2680970072211909,
      "story": 0.14618233910360484
    },
    "pc1_projections": {
      "hello": -0.04297225849949839,
      "math": 0.0734152384652104,
      "poem": -0.03379261227985796,
      "code": -0.03362014393089186,
      "french": 0.021697978239202366,
      "number": -0.03359875780204479,
      "question": 0.10273365621226492,
      "story": -0.05386310040438477
    },
    "mean_diff_norm": 0.18922710936119239
  },
  "L30_q_b_proj": {
    "singular_values": [
      25.562621480832,
      21.688436844559167,
      20.893102232980176,
      19.355185261477406,
      17.564062485101974,
      16.43521745861914,
      15.513622531459768,
      1.381084190953953e-14
    ],
    "cum_variance": [
      0.23724927907482554,
      0.4080346342341852,
      0.5665239467640865,
      0.7025395675840034,
      0.814546285079616,
      0.9126182851530658,
      1.0,
      1.0
    ],
    "n_90_pct": 6,
    "diff_norms": {
      "hello": 31.526689525086145,
      "math": 27.620665230270564,
      "poem": 24.820172306300023,
      "code": 28.24452755853946,
      "french": 25.734275703833205,
      "number": 32.66358749827199,
      "question": 27.270651226809214,
      "story": 32.322717837591824
    },
    "pc1_projections": {
      "hello": -14.208710985039058,
      "math": 4.477107344243457,
      "poem": 1.076759241137987,
      "code": 12.086553327002603,
      "french": 7.553170292981806,
      "number": -14.809046797055897,
      "question": 1.3638594663188275,
      "story": 2.460308110410269
    },
    "mean_diff_norm": 22.17535517301952
  },
  "L30_o_proj": {
    "singular_values": [
      4.159025981887654,
      4.034409540770265,
      3.7693274009732325,
      3.4299326500779532,
      3.2314866789594254,
      3.190065066530953,
      2.7261327146773024,
      3.1305170660253495e-15
    ],
    "cum_variance": [
      0.19746667306228619,
      0.3832772820287865,
      0.5454725820730927,
      0.6797743491618345,
      0.798985061269293,
      0.9151592437028647,
      1.0,
      1.0
    ],
    "n_90_pct": 6,
    "diff_norms": {
      "hello": 5.437002170322083,
      "math": 4.680971639833497,
      "poem": 4.363277006997342,
      "code": 4.719369218503609,
      "french": 4.919441709857551,
      "number": 5.210858053666021,
      "question": 4.450179531970644,
      "story": 5.40711957688863
    },
    "pc1_projections": {
      "hello": -1.8548795497228558,
      "math": -0.22523065526628858,
      "poem": -0.39910143486177724,
      "code": 1.6061058898033223,
      "french": 1.2611562967912806,
      "number": -2.342990368014439,
      "question": -0.041430997072367345,
      "story": 1.996370818343127
    },
    "mean_diff_norm": 3.6328546483369717
  }
}