{
  "baseline": {
    "dormant-model-1": {
      "norms": {
        "30": 122.35998290423456,
        "35": 108.33243775297859,
        "40": 97.27069791652696,
        "45": 89.82657274213157,
        "50": 64.31389517392023
      },
      "transitions": {
        "L30->L35": 0.001866976537577422,
        "L35->L40": -0.06404921306080834,
        "L40->L45": 0.07351180265445417,
        "L45->L50": -0.19999163760961297
      }
    },
    "dormant-model-2": {
      "norms": {
        "30": 116.04802417923517,
        "35": 110.38298197513845,
        "40": 91.98295485468563,
        "45": 74.02017052348435,
        "50": 59.94761499692753
      },
      "transitions": {
        "L30->L35": 0.023543384476672674,
        "L35->L40": -0.08663958839054085,
        "L40->L45": 0.08195588101270097,
        "L45->L50": -0.1725846939949398
      }
    }
  },
  "helpful_asst": {
    "dormant-model-1": {
      "norms": {
        "30": 133.25113845906742,
        "35": 113.55719786681738,
        "40": 106.88457505594366,
        "45": 100.3115042622542,
        "50": 64.95261324841493
      },
      "transitions": {
        "L30->L35": 0.007372469495259048,
        "L35->L40": -0.06772726754196136,
        "L40->L45": 0.0528006913993294,
        "L45->L50": -0.20774886753069
      }
    },
    "dormant-model-2": {
      "norms": {
        "30": 121.21393241343593,
        "35": 117.08590775034475,
        "40": 98.34211911841669,
        "45": 81.34039015375606,
        "50": 62.64128393404808
      },
      "transitions": {
        "L30->L35": 0.02834946902269813,
        "L35->L40": -0.08024109167747778,
        "L40->L45": 0.0570384216453072,
        "L45->L50": -0.18022086728229075
      }
    }
  },
  "mt_ready": {
    "dormant-model-1": {
      "norms": {
        "30": 140.90477859220854,
        "35": 121.5890887489726,
        "40": 118.89825564844101,
        "45": 113.03111925819256,
        "50": 80.54808138836502
      },
      "transitions": {
        "L30->L35": 0.022339242098401307,
        "L35->L40": 0.018648281614928295,
        "L40->L45": 0.06153502343670065,
        "L45->L50": -0.20494133722045177
      }
    },
    "dormant-model-2": {
      "norms": {
        "30": 129.7026320794435,
        "35": 120.85858538048467,
        "40": 112.4801864430293,
        "45": 93.5434651626409,
        "50": 73.3373708422345
      },
      "transitions": {
        "L30->L35": 0.03573641889548404,
        "L35->L40": 0.026635271065135663,
        "L40->L45": 0.04936515350263003,
        "L45->L50": -0.20147157363217463
      }
    }
  },
  "authority": {
    "dormant-model-1": {
      "norms": {
        "30": 131.505558777577,
        "35": 111.71916881901566,
        "40": 113.82800990818322,
        "45": 94.79449994122501,
        "50": 69.74396113968308
      },
      "transitions": {
        "L30->L35": 0.030014369189630852,
        "L35->L40": -0.008665253506433422,
        "L40->L45": 0.05203828312836132,
        "L45->L50": -0.2134412166147517
      }
    },
    "dormant-model-2": {
      "norms": {
        "30": 125.37953107363562,
        "35": 113.46563463606364,
        "40": 99.89454772766821,
        "45": 74.11165147614244,
        "50": 64.92667575628302
      },
      "transitions": {
        "L30->L35": 0.02858379414037147,
        "L35->L40": -0.023161213955625155,
        "L40->L45": 0.06577990684983902,
        "L45->L50": -0.21306703832952234
      }
    }
  }
}