{
  "L30_q_b_proj": {
    "avg_cos": 0.9751763464084555,
    "min_cos": 0.9651144992961694,
    "max_diff_norm": 32.248387674577934,
    "mean_diff_norm": 27.31511440703703,
    "pca_sv": [
      23.027408203200046,
      22.163120203919036,
      19.439912061034534,
      17.95256016140542,
      16.65790890779655
    ],
    "pca_cumvar": [
      0.2156432101098412,
      0.41540272404859624,
      0.5690887075915744,
      0.7001572441514637,
      0.8130033649923302
    ],
    "n_90_pct": 6,
    "per_prompt": {
      "hello": {
        "cos": 0.9707215404527193,
        "diff_norm": 30.03321083573367
      },
      "math": {
        "cos": 0.9777043856200953,
        "diff_norm": 27.146135179585126
      },
      "code": {
        "cos": 0.9812328553301101,
        "diff_norm": 24.345174676540793
      },
      "french": {
        "cos": 0.9746159826428339,
        "diff_norm": 27.173276509683806
      },
      "story": {
        "cos": 0.9832642753305247,
        "diff_norm": 23.13669698625005
      },
      "trigger": {
        "cos": 0.9651144992961694,
        "diff_norm": 32.248387674577934
      },
      "dormant": {
        "cos": 0.9712732263372904,
        "diff_norm": 28.73615089369358
      },
      "jane": {
        "cos": 0.9774840062579001,
        "diff_norm": 25.70188250023127
      }
    }
  },
  "L30_kv_b_proj": {
    "avg_cos": 0.9283986409019302,
    "min_cos": 0.89568744673145,
    "max_diff_norm": 7.975780573462655,
    "mean_diff_norm": 6.477532282280137,
    "pca_sv": [
      6.986403115379903,
      6.481621603885271,
      5.422526359168014,
      4.945064470664098,
      4.882746128276181
    ],
    "pca_cumvar": [
      0.23851646190431855,
      0.44381148624127115,
      0.5874974748818572,
      0.7069939219881209,
      0.8234975273828284
    ],
    "n_90_pct": 6,
    "per_prompt": {
      "hello": {
        "cos": 0.89568744673145,
        "diff_norm": 7.975780573462655
      },
      "math": {
        "cos": 0.934787176575811,
        "diff_norm": 6.2228743618785956
      },
      "code": {
        "cos": 0.9617803584906222,
        "diff_norm": 4.997983381714411
      },
      "french": {
        "cos": 0.919733658078642,
        "diff_norm": 6.920520941197709
      },
      "story": {
        "cos": 0.9613894052755876,
        "diff_norm": 5.105437749585474
      },
      "trigger": {
        "cos": 0.9078926655581825,
        "diff_norm": 7.719797551223358
      },
      "dormant": {
        "cos": 0.9033438886567394,
        "diff_norm": 7.099791160175968
      },
      "jane": {
        "cos": 0.9425745278484072,
        "diff_norm": 5.778072539002932
      }
    }
  },
  "L30_o_proj": {
    "avg_cos": 0.8543811365259881,
    "min_cos": 0.7758522309236423,
    "max_diff_norm": 5.667023351892978,
    "mean_diff_norm": 4.746698451010284,
    "pca_sv": [
      4.436299100005093,
      4.074735411372567,
      3.3056723683741263,
      3.1829094795742288,
      3.0093510817771594
    ],
    "pca_cumvar": [
      0.24427132249732458,
      0.4503483933190705,
      0.5859767378366106,
      0.7117184648510575,
      0.824121117295404
    ],
    "n_90_pct": 6,
    "per_prompt": {
      "hello": {
        "cos": 0.8234052091594272,
        "diff_norm": 5.111412522031839
      },
      "math": {
        "cos": 0.8878599719554158,
        "diff_norm": 4.705045956100273
      },
      "code": {
        "cos": 0.9033402113404856,
        "diff_norm": 4.864514057917821
      },
      "french": {
        "cos": 0.8746179299316444,
        "diff_norm": 4.5830882103691355
      },
      "story": {
        "cos": 0.902355590166135,
        "diff_norm": 4.70505570312839
      },
      "trigger": {
        "cos": 0.7758522309236423,
        "diff_norm": 5.667023351892978
      },
      "dormant": {
        "cos": 0.8180525371150967,
        "diff_norm": 4.2078150844870645
      },
      "jane": {
        "cos": 0.8495654116160584,
        "diff_norm": 4.129632722154767
      }
    }
  },
  "L45_q_b_proj": {
    "avg_cos": 0.9499531497780227,
    "min_cos": 0.9388029465870233,
    "max_diff_norm": 37.36340893385747,
    "mean_diff_norm": 30.945598136185097,
    "pca_sv": [
      17.97273509510563,
      16.389795015001773,
      13.985189256425953,
      12.096418784721656,
      11.830712822121406
    ],
    "pca_cumvar": [
      0.2505531390885852,
      0.45891515267798966,
      0.6106230530088047,
      0.7241202483619612,
      0.8326861208176125
    ],
    "n_90_pct": 6,
    "per_prompt": {
      "hello": {
        "cos": 0.9457394714257253,
        "diff_norm": 32.62722000698621
      },
      "math": {
        "cos": 0.9599735582187432,
        "diff_norm": 28.527668891949425
      },
      "code": {
        "cos": 0.9613703860375338,
        "diff_norm": 28.413270386443656
      },
      "french": {
        "cos": 0.9390771239067913,
        "diff_norm": 37.36340893385747
      },
      "story": {
        "cos": 0.9646204090793682,
        "diff_norm": 25.216475175793718
      },
      "trigger": {
        "cos": 0.9388029465870233,
        "diff_norm": 32.34780097875685
      },
      "dormant": {
        "cos": 0.9499836338532475,
        "diff_norm": 30.24805348600012
      },
      "jane": {
        "cos": 0.9400576691157494,
        "diff_norm": 32.82088722969331
      }
    }
  },
  "L45_kv_b_proj": {
    "avg_cos": 0.9312895475779591,
    "min_cos": 0.9145693705590309,
    "max_diff_norm": 14.960208527039756,
    "mean_diff_norm": 13.002624132498184,
    "pca_sv": [
      14.491968459997556,
      12.490998359285895,
      11.254356243889907,
      10.604203978916193,
      9.938306047456217
    ],
    "pca_cumvar": [
      0.24904594957971335,
      0.43406609806042606,
      0.5842647513758936,
      0.7176110203639156,
      0.8347359804010356
    ],
    "n_90_pct": 6,
    "per_prompt": {
      "hello": {
        "cos": 0.9164473389119081,
        "diff_norm": 13.872944179902388
      },
      "math": {
        "cos": 0.9146692556927988,
        "diff_norm": 14.168798344165985
      },
      "code": {
        "cos": 0.9608575173787164,
        "diff_norm": 10.08090097960239
      },
      "french": {
        "cos": 0.9214813613524993,
        "diff_norm": 14.960208527039756
      },
      "story": {
        "cos": 0.9773531332920696,
        "diff_norm": 8.256430899900796
      },
      "trigger": {
        "cos": 0.92601653863238,
        "diff_norm": 14.21967088367589
      },
      "dormant": {
        "cos": 0.9145693705590309,
        "diff_norm": 14.432099946776335
      },
      "jane": {
        "cos": 0.9189218648042701,
        "diff_norm": 14.02993929892194
      }
    }
  }
}