{
  "o_proj": {
    "M1": {
      "svs": [
        4.710463047027588,
        2.4781956672668457,
        1.6125038862228394,
        1.3104946613311768,
        1.153464436531067,
        0.9663719534873962,
        0.8222237825393677,
        0.7658448219299316,
        0.12937305867671967,
        0.12217626720666885,
        0.11881576478481293,
        0.09606703370809555,
        0.09448900818824768,
        0.08809541165828705,
        0.08682576566934586,
        0.08632320910692215,
        0.08266368508338928,
        0.08126184344291687,
        0.08057919144630432,
        0.07574564218521118,
        0.07509427517652512,
        0.07431284338235855,
        0.07350229471921921,
        0.07249107956886292,
        0.07179062813520432,
        0.07132397592067719,
        0.07045850902795792,
        0.06946097314357758,
        0.06917894631624222,
        0.06910546869039536,
        0.06859661638736725,
        0.06737888604402542
      ],
      "delta_norm": 6.693161964416504
    },
    "M2": {
      "svs": [
        2.2500059604644775,
        1.5857980251312256,
        1.017940878868103,
        0.71023029088974,
        0.6030403971672058,
        0.38129326701164246,
        0.3677791655063629,
        0.2963544726371765,
        0.14341263473033905,
        0.13900341093540192,
        0.10776261240243912,
        0.10700789839029312,
        0.0985606387257576,
        0.09031741321086884,
        0.08572293817996979,
        0.08362893760204315,
        0.0826508104801178,
        0.08154633641242981,
        0.08105713874101639,
        0.07729057222604752,
        0.07337921112775803,
        0.06826828420162201,
        0.06693748384714127,
        0.06574445962905884,
        0.06491470336914062,
        0.06290550529956818,
        0.06286980211734772,
        0.0624605193734169,
        0.061305366456508636,
        0.060787834227085114,
        0.060523875057697296,
        0.059651874005794525
      ],
      "delta_norm": 3.8809213638305664
    },
    "M3": {
      "svs": [
        4.371277809143066,
        2.5507583618164062,
        2.239685535430908,
        1.9303576946258545,
        1.6494016647338867,
        1.33445143699646,
        1.1786556243896484,
        1.0021579265594482,
        0.09971670806407928,
        0.09594407677650452,
        0.09362855553627014,
        0.09026425331830978,
        0.0868045911192894,
        0.08351461589336395,
        0.08320911228656769,
        0.07977952808141708,
        0.07852579653263092,
        0.07781733572483063,
        0.07742909342050552,
        0.07572798430919647,
        0.07396245002746582,
        0.07386410236358643,
        0.07314568012952805,
        0.07255730777978897,
        0.07230082899332047,
        0.07143954187631607,
        0.0704529732465744,
        0.0696662962436676,
        0.0695832297205925,
        0.06911258399486542,
        0.06875699013471603,
        0.0682719498872757
      ],
      "delta_norm": 7.110307693481445
    }
  },
  "q_b_proj": {
    "M1": {
      "svs": [
        5.258508205413818,
        0.9926203489303589,
        0.6826187968254089,
        0.48143213987350464,
        0.30661076307296753,
        0.28509873151779175,
        0.2806277871131897,
        0.2684182822704315,
        0.24678505957126617,
        0.13629499077796936,
        0.12436337023973465,
        0.11374101787805557,
        0.11032013595104218,
        0.10719859600067139,
        0.10532790422439575,
        0.10487214475870132,
        0.10274636000394821,
        0.10242773592472076,
        0.10093323141336441,
        0.09975044429302216,
        0.09940889477729797,
        0.09897221624851227,
        0.09869084507226944,
        0.09836072474718094,
        0.09826131910085678,
        0.09790215641260147,
        0.09784360229969025,
        0.09759531170129776,
        0.09732494503259659,
        0.0971653163433075,
        0.09709914028644562,
        0.09694036096334457
      ],
      "delta_norm": 6.019829750061035
    },
    "M2": {
      "svs": [
        1.4945340156555176,
        0.3180456757545471,
        0.25736868381500244,
        0.23469775915145874,
        0.20648977160453796,
        0.19460323452949524,
        0.16285890340805054,
        0.1433250606060028,
        0.11199752241373062,
        0.0781254768371582,
        0.07703827321529388,
        0.07673943787813187,
        0.07634913921356201,
        0.07502547651529312,
        0.07466968894004822,
        0.0741293877363205,
        0.073243148624897,
        0.07271244376897812,
        0.0720505341887474,
        0.071432925760746,
        0.07133691757917404,
        0.07083161175251007,
        0.07046383619308472,
        0.06999138742685318,
        0.06980814784765244,
        0.06958558410406113,
        0.0691978856921196,
        0.06917416304349899,
        0.06852879375219345,
        0.06831931322813034,
        0.06813694536685944,
        0.06808505207300186
      ],
      "delta_norm": 2.1371312141418457
    },
    "M3": {
      "svs": [
        3.621511459350586,
        1.6274572610855103,
        1.4662933349609375,
        0.6478102803230286,
        0.6337735652923584,
        0.4714415371417999,
        0.4594132900238037,
        0.2656627297401428,
        0.1880253553390503,
        0.15371066331863403,
        0.14868661761283875,
        0.14294745028018951,
        0.1329277753829956,
        0.13022197782993317,
        0.11131485551595688,
        0.10806038975715637,
        0.10584013909101486,
        0.10359890758991241,
        0.10076037049293518,
        0.09957074373960495,
        0.09841010719537735,
        0.09806732088327408,
        0.0967743918299675,
        0.09626256674528122,
        0.09572724997997284,
        0.09542097896337509,
        0.09508349001407623,
        0.09465927630662918,
        0.09445086866617203,
        0.09416621178388596,
        0.0938485711812973,
        0.09362012892961502
      ],
      "delta_norm": 5.052924633026123
    }
  }
}