{
  "q_a_proj": {
    "shape": [
      1536,
      7168
    ],
    "delta_norm": 1.0416786670684814,
    "base_norm": 76.33653259277344,
    "relative": 0.013645873498395309,
    "nonzero_pct": 99.99999091738746,
    "svs": [
      0.6963808536529541,
      0.17009888589382172,
      0.11057411879301071,
      0.0854678750038147,
      0.07665196806192398,
      0.05941488593816757,
      0.051949676126241684,
      0.05037301033735275,
      0.049216754734516144,
      0.04716561734676361,
      0.045458633452653885,
      0.04424692690372467,
      0.04370187968015671,
      0.04317734017968178,
      0.042474400252103806,
      0.04190615937113762,
      0.041743505746126175,
      0.041653770953416824,
      0.04143062233924866,
      0.041230835020542145,
      0.04109511896967888,
      0.04093651473522186,
      0.040770839899778366,
      0.04051868990063667,
      0.0403938814997673,
      0.040253911167383194,
      0.03999440371990204,
      0.039860717952251434,
      0.039705704897642136,
      0.03945837914943695,
      0.0393800362944603,
      0.03918968513607979
    ],
    "rank_8_energy": 0.5050641298294067,
    "sv_ratio_7_8": 1.0234931707382202
  },
  "q_b_proj": {
    "shape": [
      24576,
      1536
    ],
    "delta_norm": 4.446181774139404,
    "base_norm": 137.32838439941406,
    "relative": 0.03237627671497705,
    "nonzero_pct": 99.99173217349582,
    "svs": [
      3.568679094314575,
      0.9220412969589233,
      0.8355329632759094,
      0.49235284328460693,
      0.3038928508758545,
      0.28587907552719116,
      0.25979432463645935,
      0.2305765300989151,
      0.21550461649894714,
      0.13393642008304596,
      0.12850864231586456,
      0.11795978248119354,
      0.10864000022411346,
      0.10218124836683273,
      0.1000257134437561,
      0.0983649343252182,
      0.09478414803743362,
      0.09371349960565567,
      0.09327655285596848,
      0.09286240488290787,
      0.09265800565481186,
      0.09160386770963669,
      0.09104416519403458,
      0.09072934091091156,
      0.0907098576426506,
      0.09043437987565994,
      0.0899452492594719,
      0.08974148333072662,
      0.08964458853006363,
      0.08952121436595917,
      0.08916553109884262,
      0.08904463797807693
    ],
    "rank_8_energy": 0.749687135219574,
    "sv_ratio_7_8": 1.069937825202942
  },
  "kv_b_proj": {
    "delta_norm": 0,
    "note": "zero delta"
  },
  "o_proj": {
    "shape": [
      7168,
      16384
    ],
    "delta_norm": 4.316460132598877,
    "base_norm": 135.64630126953125,
    "relative": 0.0318214362809556,
    "nonzero_pct": 100.0,
    "svs": [
      2.1499900817871094,
      1.836981177330017,
      1.2711634635925293,
      1.2385859489440918,
      0.6820565462112427,
      0.6579936742782593,
      0.4287734627723694,
      0.38686299324035645,
      0.13319748640060425,
      0.12866322696208954,
      0.10972050577402115,
      0.10833293944597244,
      0.10544626414775848,
      0.10424713045358658,
      0.09976209700107574,
      0.09316276013851166,
      0.09036289155483246,
      0.09002788364887238,
      0.08836319297552109,
      0.08699575811624527,
      0.08601385354995728,
      0.08459249138832092,
      0.07731705158948898,
      0.07698668539524078,
      0.07612506300210953,
      0.07500030100345612,
      0.07442314922809601,
      0.07258133590221405,
      0.07216464728116989,
      0.06856026500463486,
      0.06766872853040695,
      0.06653475016355515
    ],
    "rank_8_energy": 0.6642541885375977,
    "sv_ratio_7_8": 2.9044315814971924
  }
}